,Province,GDP Error,LDP Error,SDP Error
AB,AB,,,
BC,BC,1.0573496557865454,288564.4200000003,989059.8999999992
MB,MB,0.9571316193560051,67565.41200000001,242825.57999999978
NB,NB,,,
NL,NL,1.5659240784385589,28568.311999999994,111921.74000000002
NT,NT,,,
NS,NS,,,
NU,NU,0.3719753853070529,1734.9660000000003,5907.32
ON,ON,1.1314499048784001,834489.6299999993,2936355.3499999973
PE,PE,,,
QC,QC,,,
SK,SK,,,
YT,YT,,,
