,Province,GDP Error,LDP Error,SDP Error
AB,AB,1.582141312894248,0.06589768999941711,
BC,BC,,,
MB,MB,0.6232022267541074,0.06578729057054196,0.0002732755729259
NB,NB,1.2082337802456107,0.06913448840844726,
NL,NL,,,
NT,NT,,,
NS,NS,0.9012564977404983,0.06668797661960356,
NU,NU,,,
ON,ON,0.8269991812887639,0.06905771398585456,
PE,PE,,,
QC,QC,0.5962801583701964,0.06798435811453059,
SK,SK,0.8236465128351951,0.06329182610172672,
YT,YT,,,
