,Province,GDP Error,LDP Error,SDP Error
AB,AB,1.1884808208082949,0.08713129059251612,
BC,BC,0.3021976823922848,0.08889527032176998,
MB,MB,1.3266345704386604,0.08475401800166778,
NB,NB,1.423395459510432,0.08996292747989638,
NL,NL,,,
NT,NT,,,
NS,NS,1.5007446956228896,0.09318692500044075,
NU,NU,,,
ON,ON,0.7215623851319938,0.09039050999791058,0.0008199383554963
PE,PE,,,
QC,QC,0.6932666569064172,0.09065005878398799,
SK,SK,1.4567196277226322,0.08902174281019844,
YT,YT,,,
