,Province,GDP Error,LDP Error,SDP Error
AB,AB,,,
BC,BC,0.8788860435587145,0.0460526586838318,0.1616989055704434
MB,MB,,,
NB,NB,,,
NL,NL,,,
NT,NT,,,
NS,NS,0.9042692912481225,0.04601625872015696,0.1619060424072199
NU,NU,,,
ON,ON,0.3239762833395064,0.045600245431945234,0.1579712704752305
PE,PE,,,
QC,QC,1.750642146321023,0.04456383315828122,0.1642149645823779
SK,SK,,,
YT,YT,,,
