,Province,GDP Error,LDP Error,SDP Error
AB,AB,0.7490613729079542,146568.358,
BC,BC,0.6728781918407549,177558.15199999994,3083.2000000000003
MB,MB,0.847601803507132,47840.18800000001,
NB,NB,0.36099366767411994,29468.26999999999,287.54999999999995
NL,NL,,,
NT,NT,,,
NS,NS,,,
NU,NU,1.0534044169466825,1236.0,
ON,ON,1.3423190419252933,543464.1620000001,
PE,PE,,,
QC,QC,0.8630466759148476,325192.02600000025,
SK,SK,0.4645095376080349,39880.006,
YT,YT,0.7841246445118315,1564.3239999999996,
