,Province,GDP Error,LDP Error,SDP Error
AB,AB,,,
BC,BC,0.8676148679367252,0.06967933429360527,0.2388272102586304
MB,MB,1.0043173850400149,0.06369084744489643,0.228900653658391
NB,NB,,,
NL,NL,0.7202546774397371,0.062114312176626885,0.24334451043909316
NT,NT,,,
NS,NS,,,
NU,NU,1.801848321658316,0.060837874931709425,0.2071445753643506
ON,ON,0.9270105455866148,0.06820393445263642,0.23999218279207174
PE,PE,,,
QC,QC,,,
SK,SK,,,
YT,YT,,,
