,Province,GDP Error,LDP Error,SDP Error
AB,AB,,,
BC,BC,0.5083732925128517,190718.79599999994,669646.9099999999
MB,MB,,,
NB,NB,,,
NL,NL,,,
NT,NT,,,
NS,NS,2.2280510364778197,37815.040000000015,133050.43999999986
NU,NU,,,
ON,ON,0.5072731056870907,557928.6919999999,1932812.059999996
PE,PE,,,
QC,QC,0.5500976799074351,319663.542,1177940.3500000008
SK,SK,,,
YT,YT,,,
