,Province,GDP Error,LDP Error,SDP Error
AB,AB,,,
BC,BC,0.4661742847477475,0.06622296819908377,0.2427712401909814
MB,MB,,,
NB,NB,1.5032976875388013,0.07342728711854332,0.2427673599789119
NL,NL,,,
NT,NT,,,
NS,NS,0.8598920168952636,0.06595026674130014,0.23295840496024384
NU,NU,,,
ON,ON,0.31376274351107375,0.06624655839242116,0.23718682734310842
PE,PE,,,
QC,QC,,,
SK,SK,,,
YT,YT,,,
