,Province,GDP Error,LDP Error,SDP Error
AB,AB,0.984360701877199,236585.8839999998,
BC,BC,,,
MB,MB,2.0855141547543896,69789.38999999998,289.90000000000003
NB,NB,1.2111332807160706,44817.064000000006,
NL,NL,,,
NT,NT,,,
NS,NS,0.7522644753188331,54802.55400000002,
NU,NU,,,
ON,ON,0.9263539907547965,844935.8039999993,
PE,PE,,,
QC,QC,0.9425450708362405,487662.73400000035,
SK,SK,0.8364589527235793,58068.59600000002,
YT,YT,,,
