,Province,GDP Error,LDP Error,SDP Error
AB,AB,0.41611106194072817,312818.75599999994,
BC,BC,0.8309706368355136,368143.7599999999,
MB,MB,0.3828106881037911,89909.93800000001,
NB,NB,0.3970626863942655,58319.290000000015,
NL,NL,,,
NT,NT,,,
NS,NS,0.5787697760558899,76578.74399999998,
NU,NU,,,
ON,ON,1.1329845429627312,1105947.0960000008,10032.12
PE,PE,,,
QC,QC,0.5428125960846046,650247.45,
SK,SK,0.509698501944419,81675.12200000005,
YT,YT,,,
