,Province,GDP Error,LDP Error,SDP Error
AB,AB,,,
BC,BC,1.266788078136574,274250.50200000004,1005393.3900000027
MB,MB,,,
NB,NB,1.5500429761205623,47599.909999999996,157376.1599999999
NL,NL,,,
NT,NT,,,
NS,NS,1.0018316552666875,54196.32200000002,191439.53999999957
NU,NU,,,
ON,ON,0.877321527436618,810540.7180000006,2902031.230000005
PE,PE,,,
QC,QC,,,
SK,SK,,,
YT,YT,,,
