,Province,GDP Error,LDP Error,SDP Error
AB,AB,1.662390715409731,137132.188,429927.0500000001
BC,BC,1.63306200217952,164702.204,510068.39999999956
MB,MB,1.8156582316857794,46497.18400000002,122330.08999999994
NB,NB,1.573254204094431,25019.09,83154.33999999998
NL,NL,,,
NT,NT,,,
NS,NS,,,
NU,NU,,,
ON,ON,1.4281576347799727,472735.19400000025,1519377.169999998
PE,PE,,,
QC,QC,0.7977058333068271,274533.92199999996,904263.7399999974
SK,SK,1.9102176855760375,35266.35999999999,129573.51999999993
YT,YT,,,
