,Province,GDP Error,LDP Error,SDP Error
AB,AB,,,
BC,BC,1.439765344936443,0.07827920971641698,0.2549679552774669
MB,MB,,,
NB,NB,2.7365120336482986,0.07727696056857755,0.2597007425147911
NL,NL,,,
NT,NT,,,
NS,NS,0.8855399371454904,0.079403075021828,0.23871899194674331
NU,NU,,,
ON,ON,2.225090001469838,0.07733844292011828,0.2470106322174798
PE,PE,,,
QC,QC,,,
SK,SK,,,
YT,YT,,,
