,Province,GDP Error,LDP Error,SDP Error
AB,AB,,,
BC,BC,0.7141952059937466,209447.492,687937.3399999979
MB,MB,,,
NB,NB,,,
NL,NL,,,
NT,NT,,,
NS,NS,1.8990476519345463,41285.644000000015,136047.86999999982
NU,NU,,,
ON,ON,3.541878727725907,634976.0919999997,2038736.429999999
PE,PE,,,
QC,QC,0.8870911805241463,367554.6239999997,1205112.8800000015
SK,SK,,,
YT,YT,,,
