,Province,GDP Error,LDP Error,SDP Error
AB,AB,1.4276054365693653,185916.74199999994,922.8499999999998
BC,BC,0.8337258849413957,207596.4059999999,
MB,MB,0.3399907593303169,54130.58,
NB,NB,2.0810404012180017,31387.895999999997,
NL,NL,,,
NT,NT,,,
NS,NS,,,
NU,NU,2.0097474130965423,1605.578,
ON,ON,1.0420950782592626,614429.198,
PE,PE,,,
QC,QC,0.7775789009496293,370736.57600000035,
SK,SK,1.7147276152765243,46865.22200000002,
YT,YT,0.6446534805039719,1630.008,
