,Province,GDP Error,LDP Error,SDP Error
AB,AB,0.9505822501045514,367955.36599999986,0
BC,BC,1.000660100557411,422388.56599999993,0
MB,MB,0.5369589219127988,108737.74999999997,0
NB,NB,1.1520234482299585,68219.54800000002,0
NL,NL,,,0
NT,NT,,,0
NS,NS,0.7370331497259486,86151.42800000003,0
NU,NU,,,0
ON,ON,1.5549612087608693,1252234.041999999,0
PE,PE,,,0
QC,QC,1.8765740581817227,736710.8379999999,0
SK,SK,1.601662225153173,93850.48400000001,0
YT,YT,,,0
