,Province,GDP Error,LDP Error,SDP Error
AB,AB,2.6669279523697846,0.07712237788560386,0
BC,BC,,,0
MB,MB,0.9684510439578332,0.07981525628615589,0
NB,NB,1.2271565877622994,0.07585642988388867,0
NL,NL,,,0
NT,NT,,,0
NS,NS,2.0251194081141444,0.0775538257322135,0
NU,NU,,,0
ON,ON,1.4737207312790113,0.07456739549814502,0
PE,PE,,,0
QC,QC,1.3823106805807155,0.07765951969831893,0
SK,SK,1.1290469654709603,0.0783946978064312,0
YT,YT,,,0
