,Province,GDP Error,LDP Error,SDP Error
AB,AB,,,
BC,BC,0.571117143092853,326384.732,1069284.4299999971
MB,MB,1.0783652143713198,78974.86600000001,262003.32000000015
NB,NB,,,
NL,NL,0.8571708029468738,35602.664,117432.98000000003
NT,NT,,,
NS,NS,,,
NU,NU,1.1261446325316242,2235.844,6928.640000000005
ON,ON,1.5941834282685705,943940.0519999994,3011320.5199999926
PE,PE,,,
QC,QC,,,
SK,SK,,,
YT,YT,,,
