,Province,GDP Error,LDP Error,SDP Error
AB,AB,,,
BC,BC,1.0192159093970692,0.07881176358941533,0.2581989396091069
MB,MB,0.8888982149483713,0.07444602191409919,0.2469786387771365
NB,NB,,,
NL,NL,0.7492940429849253,0.07740866824807695,0.2553272583816499
NT,NT,,,
NS,NS,,,
NU,NU,1.138498546321196,0.07840153503804279,0.24295792180759718
ON,ON,1.1101582710301563,0.07714946132263646,0.24611918468292862
PE,PE,,,
QC,QC,,,
SK,SK,,,
YT,YT,,,
