,Province,GDP Error,LDP Error,SDP Error
AB,AB,2.706290326052482,276884.758,0
BC,BC,,,0
MB,MB,1.588257063761705,84670.73199999999,0
NB,NB,0.9673341893893678,49174.62400000001,0
NL,NL,,,0
NT,NT,,,0
NS,NS,1.0174466025685263,63731.844000000005,0
NU,NU,,,0
ON,ON,1.1912128824402317,912347.9280000001,0
PE,PE,,,0
QC,QC,0.3102623584500634,557064.2239999998,0
SK,SK,1.5950519374554433,71925.08599999998,0
YT,YT,,,0
