,Province,GDP Error,LDP Error,SDP Error
AB,AB,,,
BC,BC,1.393094656737435,324179.256,1055903.89
MB,MB,,,
NB,NB,0.9513324301819239,50095.49600000001,168353.3799999999
NL,NL,,,
NT,NT,,,
NS,NS,0.8864658078478271,65251.512,196173.4499999999
NU,NU,,,
ON,ON,1.1718608572533982,946252.2819999993,3022227.569999999
PE,PE,,,
QC,QC,,,
SK,SK,,,
YT,YT,,,
