,Province,GDP Error,LDP Error,SDP Error
AB,AB,,,
BC,BC,1.11099853972975,0.05057505638437754,0.1661154756602128
MB,MB,,,
NB,NB,,,
NL,NL,,,
NT,NT,,,
NS,NS,1.4798512848115362,0.05023955748115818,0.1655535465319162
NU,NU,,,
ON,ON,0.7399869783619227,0.05189743071793381,0.1666286084800383
PE,PE,,,
QC,QC,2.6586054496014015,0.051240259799444944,0.1680030477833343
SK,SK,,,
YT,YT,,,
