,Province,GDP Error,LDP Error,SDP Error
AB,AB,0.7271623037211421,0.10248882237745882,0
BC,BC,0.5795125327023954,0.10199370418608966,0
MB,MB,2.4023813238959155,0.10250214187625006,0
NB,NB,1.6210389614801706,0.10523499599249767,0
NL,NL,,,0
NT,NT,,,0
NS,NS,0.9081128766070649,0.10483570558060962,0
NU,NU,,,0
ON,ON,1.9821276177264067,0.10234673439851845,0
PE,PE,,,0
QC,QC,1.0148754697946827,0.1027037949499088,0
SK,SK,0.8489688688390669,0.1022922702124723,0
YT,YT,,,0
