,Province,GDP Error,LDP Error,SDP Error
AB,AB,2.717796049593954,0.11949294489992679,0
BC,BC,0.9948509403750545,0.11764888662950179,0
MB,MB,0.3855994699675182,0.11533168815593964,0
NB,NB,1.4016105549579307,0.12094386821911995,0
NL,NL,,,0
NT,NT,,,0
NS,NS,2.024127918452362,0.11626685498084188,0
NU,NU,,,0
ON,ON,0.874847807404082,0.11902612761163892,0
PE,PE,,,0
QC,QC,3.157546268081836,0.11746948899439284,0
SK,SK,2.0583937111606816,0.11771891789919771,0
YT,YT,,,0
