,Province,GDP Error,LDP Error,SDP Error
AB,AB,,,
BC,BC,1.3715011304342908,0.08625256219334068,0.2385860794108791
MB,MB,,,
NB,NB,0.9784959644678866,0.08580066607313855,0.24373473546396923
NL,NL,,,
NT,NT,,,
NS,NS,1.6518229023512354,0.08919791160027464,0.2527203441163125
NU,NU,,,
ON,ON,1.6233436315455017,0.08773737552615016,0.2501513762023368
PE,PE,,,
QC,QC,,,
SK,SK,,,
YT,YT,,,
