,Province,GDP Error,LDP Error,SDP Error
AB,AB,1.2428338726807737,319058.396,0
BC,BC,,,0
MB,MB,1.4105781960094532,89803.41800000009,0
NB,NB,2.6666182218215013,55598.42999999999,0
NL,NL,,,0
NT,NT,,,0
NS,NS,1.7841459356112466,70709.40800000001,0
NU,NU,,,0
ON,ON,0.7733152150742171,1074951.6800000006,0
PE,PE,,,0
QC,QC,2.148615878016335,628697.5959999997,0
SK,SK,1.15231283590159,83896.33399999996,0
YT,YT,,,0
