,Province,GDP Error,LDP Error,SDP Error
AB,AB,0.6129415221406361,217039.87200000012,0
BC,BC,2.324160278889758,235190.58199999994,0
MB,MB,1.7355841128607836,62351.072,0
NB,NB,0.9244970047776405,37051.69999999999,0
NL,NL,,,0
NT,NT,,,0
NS,NS,,,0
NU,NU,1.235948665204394,1827.4160000000004,0
ON,ON,1.2818065245095567,726530.502,0
PE,PE,,,0
QC,QC,0.7998798530596105,430751.9080000001,0
SK,SK,2.3714597578389087,52475.75999999999,0
YT,YT,0.564622868916657,1774.9720000000002,0
