,Province,GDP Error,LDP Error,SDP Error
AB,AB,1.5677387945115981,429003.56599999964,0
BC,BC,0.6566304728953469,487221.6859999996,0
MB,MB,3.0652684055519104,122347.76799999997,0
NB,NB,0.33709305822208646,78402.96800000005,0
NL,NL,,,0
NT,NT,,,0
NS,NS,2.0220629947709226,95545.26800000003,0
NU,NU,,,0
ON,ON,0.8100393401557084,1456309.9619999977,0
PE,PE,,,0
QC,QC,2.562936299526382,842627.5360000001,0
SK,SK,0.7425303173449137,108004.03000000003,0
YT,YT,,,0
