,Province,GDP Error,LDP Error,SDP Error
AB,AB,1.811880241187346,0.08886925507068412,0
BC,BC,,,0
MB,MB,2.1257590869430927,0.08465360643206428,0
NB,NB,1.1254746482517375,0.08576574793839384,0
NL,NL,,,0
NT,NT,,,0
NS,NS,1.0908455549023461,0.08604466404047532,0
NU,NU,,,0
ON,ON,1.9130065953142565,0.08785721390267183,0
PE,PE,,,0
QC,QC,1.9377704023597382,0.08764582473141866,0
SK,SK,1.8880388674642266,0.09144275129538833,0
YT,YT,,,0
