,Province,GDP Error,LDP Error,SDP Error
AB,AB,,,
BC,BC,1.801069466616239,0.08836737873037422,0.24758625087553293
MB,MB,1.4459720647136836,0.08898637885762187,0.2452611126418248
NB,NB,,,
NL,NL,2.8291441657908956,0.09022460162142061,0.2591948148422101
NT,NT,,,
NS,NS,,,
NU,NU,0.768270392137449,0.08510400149239805,0.24781803403200658
ON,ON,1.2848739610285478,0.08912557062515361,0.2492233056830418
PE,PE,,,
QC,QC,,,
SK,SK,,,
YT,YT,,,
