,Province,GDP Error,LDP Error,SDP Error
AB,AB,,,
BC,BC,1.1144717586334072,0.05501455056603818,0.166208672998485
MB,MB,,,
NB,NB,,,
NL,NL,,,
NT,NT,,,
NS,NS,0.4485448765312318,0.05865830068482316,0.1760230952577649
NU,NU,,,
ON,ON,1.490224821670608,0.05997750992878539,0.1676947092953147
PE,PE,,,
QC,QC,1.4468394018854973,0.05750549002747714,0.1697319508863315
SK,SK,,,
YT,YT,,,
