,Province,GDP Error,LDP Error,SDP Error
AB,AB,,,
BC,BC,1.7357361742848199,365957.59199999983,1025333.8899999994
MB,MB,2.2169290104612287,94399.76999999996,260181.30999999968
NB,NB,,,
NL,NL,2.7125358746205337,41497.111999999994,119211.78999999996
NT,NT,,,
NS,NS,,,
NU,NU,1.715100422522866,2426.9840000000004,7067.240000000001
ON,ON,0.8680322435890503,1090470.2940000012,3049300.100000008
PE,PE,,,
QC,QC,,,
SK,SK,,,
YT,YT,,,
