,Province,GDP Error,LDP Error,SDP Error
AB,AB,,,
BC,BC,2.109874914776742,357199.4600000001,988061.3000000011
MB,MB,,,
NB,NB,1.8962855656149258,55621.06599999999,158003.27000000016
NL,NL,,,
NT,NT,,,
NS,NS,2.634947298162166,73300.67000000001,207679.4199999996
NU,NU,,,
ON,ON,2.044345684505868,1073485.4319999996,3060655.2400000063
PE,PE,,,
QC,QC,,,
SK,SK,,,
YT,YT,,,
