,Province,GDP Error,LDP Error,SDP Error
AB,AB,,,
BC,BC,1.0019317319814944,227832.858,688323.2999999992
MB,MB,,,
NB,NB,,,
NL,NL,,,
NT,NT,,,
NS,NS,1.8951468797482705,48203.962000000014,144651.48999999982
NU,NU,,,
ON,ON,2.985899174358747,733837.5779999994,2051780.4000000067
PE,PE,,,
QC,QC,1.1727509906312548,412496.128,1217514.579999998
SK,SK,,,
YT,YT,,,
