,Province,GDP Error,LDP Error,SDP Error
AB,AB,0.28836733142211707,0.00095373183615094,0
BC,BC,0.04794907462968066,0.00067647078872546,0
MB,MB,0.22880228930481922,0.0010646001867605599,0
NB,NB,0.20601118948254568,0.00168602636285232,0
NL,NL,,,0
NT,NT,,,0
NS,NS,0.14938989770126515,0.00043837756541888,0
NU,NU,,,0
ON,ON,0.16120671343837376,0.00073479099890544,0
PE,PE,,,0
QC,QC,0.238252020613786,0.0006750731123298,0
SK,SK,0.2541935349378003,0.0007283935043118799,0
YT,YT,,,0
