,Province,GDP Error,LDP Error,SDP Error
AB,AB,,,
BC,BC,0.14946296102980794,0.00045540938747884,0.2394604214102277
MB,MB,,,
NB,NB,0.11291551640459041,0.0001929290190956574,0.2514585910813381
NL,NL,,,
NT,NT,,,
NS,NS,0.369946464928789,0.00046996282914835093,0.2501564691082408
NU,NU,,,
ON,ON,0.20017960989054523,0.00055374142550234,0.2519616978486672
PE,PE,,,
QC,QC,,,
SK,SK,,,
YT,YT,,,
