,Province,GDP Error,LDP Error,SDP Error
AB,AB,0.20442597398964035,2454.716,0
BC,BC,,,0
MB,MB,0.0800536530022327,566.29,0
NB,NB,0.34060297690374597,197.402,0
NL,NL,,,0
NT,NT,,,0
NS,NS,0.14193594671335175,445.4,0
NU,NU,,,0
ON,ON,0.1123996236667153,8558.419999999996,0
PE,PE,,,0
QC,QC,0.17780731553045825,4248.378,0
SK,SK,0.06982736696543977,566.9780000000001,0
YT,YT,,,0
