,Province,GDP Error,LDP Error,SDP Error
AB,AB,,,
BC,BC,0.11743928497862721,2717.9960000000005,703117.2000000002
MB,MB,,,
NB,NB,,,
NL,NL,,,
NT,NT,,,
NS,NS,0.22240685135459443,462.052,125446.73000000001
NU,NU,,,
ON,ON,0.2744482774217431,5181.772,2027518.359999997
PE,PE,,,
QC,QC,0.30174009600934254,2706.514,1193455.8199999994
SK,SK,,,
YT,YT,,,
