,Province,GDP Error,LDP Error,SDP Error
AB,AB,0.07016305668730398,0.0006837268194944399,0
BC,BC,,,0
MB,MB,0.1391766344885157,0.0005338158820013801,0
NB,NB,0.02867068433667642,0.00030451093986884,0
NL,NL,,,0
NT,NT,,,0
NS,NS,0.11835508350950011,0.0005419970898869,0
NU,NU,,,0
ON,ON,0.21016021445468983,0.00069949091721858,0
PE,PE,,,0
QC,QC,0.17304948958325442,0.00059226024713602,0
SK,SK,0.07509628986004879,0.0006179772794834199,0
YT,YT,,,0
