,Province,GDP Error,LDP Error,SDP Error
AB,AB,,,
BC,BC,0.09240058337177284,2785.8720000000003,1005232.0699999994
MB,MB,0.12290586880919245,674.796,275158.20000000007
NB,NB,,,
NL,NL,0.09371552346628954,355.95,120307.16000000012
NT,NT,,,
NS,NS,,,
NU,NU,0.15810991846844186,20.596000000000004,6898.480000000001
ON,ON,0.2494430160584215,7955.832,3017782.890000005
PE,PE,,,
QC,QC,,,
SK,SK,,,
YT,YT,,,
