,Province,GDP Error,LDP Error,SDP Error
AB,AB,0.12457065131367236,3424.0879999999997,0
BC,BC,0.09133072826720075,2801.4820000000004,0
MB,MB,0.1834613390684694,1129.364,0
NB,NB,0.16374724466235904,1092.9820000000002,0
NL,NL,,,0
NT,NT,,,0
NS,NS,0.23548615281161173,360.248,0
NU,NU,,,0
ON,ON,0.3019755266137508,8990.323999999999,0
PE,PE,,,0
QC,QC,0.0711968773207445,4842.408,0
SK,SK,0.07945664131439112,668.2819999999999,0
YT,YT,,,0
