,Province,GDP Error,LDP Error,SDP Error
AB,AB,,,
BC,BC,0.2120776990319654,1885.9959999999999,991682.2300000001
MB,MB,,,
NB,NB,0.17871132001549767,125.06799999999998,163010.3299999999
NL,NL,,,
NT,NT,,,
NS,NS,0.06480059556354825,386.204,205572.4900000001
NU,NU,,,
ON,ON,0.10994557640742637,6775.144,3082804.910000001
PE,PE,,,
QC,QC,,,
SK,SK,,,
YT,YT,,,
