,Province,GDP Error,LDP Error,SDP Error
AB,AB,0.12504791932292386,887.5380000000001,434608.7599999998
BC,BC,0.09552282677537956,1437.586,506099.9999999987
MB,MB,0.36156093593532435,529.8300000000002,124437.15999999992
NB,NB,0.09100582744127615,131.616,77568.05000000006
NL,NL,,,
NT,NT,,,
NS,NS,,,
NU,NU,,,
ON,ON,0.1775764638892269,2386.93,1478126.0900000026
PE,PE,,,
QC,QC,0.19491933685744695,1945.1580000000001,835083.1000000009
SK,SK,0.15148026769562645,164.654,116838.41999999984
YT,YT,,,
