,Province,GDP Error,LDP Error,SDP Error
AB,AB,,,
BC,BC,0.16117657055344914,0.00065631151578794,0.1697809398205909
MB,MB,,,
NB,NB,,,
NL,NL,,,
NT,NT,,,
NS,NS,0.14126414903138224,0.0005622605284607566,0.1526532613287644
NU,NU,,,
ON,ON,0.11835327307252774,0.00042351303734770006,0.1657117408720308
PE,PE,,,
QC,QC,0.12193981231982605,0.00037731121160052,0.1663779538683198
SK,SK,,,
YT,YT,,,
