,Province,GDP Error,LDP Error,SDP Error
AB,AB,0.2368061652131928,1257.324,
BC,BC,0.2036800168211812,2261.1899999999996,3370.9199999999996
MB,MB,0.17440427907324643,308.06200000000007,
NB,NB,0.07396754423009497,53.10800000000004,
NL,NL,,,
NT,NT,,,
NS,NS,,,
NU,NU,0.16342566794985197,43.044000000000004,
ON,ON,0.23769110739176535,6189.162000000002,
PE,PE,,,
QC,QC,0.1805233199287613,2701.8259999999996,
SK,SK,0.11337468692681792,478.37800000000004,
YT,YT,0.11493973284377854,6.712000000000001,
