,Province,GDP Error,LDP Error,SDP Error
AB,AB,,,
BC,BC,0.12269872263174549,0.0006727014591306399,0.24273228642735217
MB,MB,0.22053834036557304,0.0006360995636706,0.2593791471206055
NB,NB,,,
NL,NL,0.17625427373600866,0.0007739200488733201,0.2615764100211245
NT,NT,,,
NS,NS,,,
NU,NU,0.3186125298091892,0.0007222140791770399,0.24190033894548887
ON,ON,0.09587038933293632,0.00065024060783612,0.2466473626782495
PE,PE,,,
QC,QC,,,
SK,SK,,,
YT,YT,,,
