,Province,GDP Error,LDP Error,SDP Error
AB,AB,0.21652843553456474,29609.766000000003,
BC,BC,0.3586103760416336,29239.398000000005,
MB,MB,0.5195404549408977,9959.84,
NB,NB,0.3535753447598381,4830.412,
NL,NL,,,
NT,NT,,,
NS,NS,,,
NU,NU,0.29435926110297567,176.076,
ON,ON,0.3790584503263744,91635.26799999997,
PE,PE,,,
QC,QC,0.5313668636759303,53868.823999999986,
SK,SK,0.7222109220048765,7251.962000000002,76.25999999999999
YT,YT,0.2163900442736896,259.082,
