,Province,GDP Error,LDP Error,SDP Error
AB,AB,,,
BC,BC,0.20898460292845505,0.011888337080661041,0.2498080521423315
MB,MB,0.3481194935546421,0.0136871131186386,0.23473877763317746
NB,NB,,,
NL,NL,0.6184623039881318,0.01093026885780288,0.2544985040480941
NT,NT,,,
NS,NS,,,
NU,NU,0.3591903698283666,0.00972702720330342,0.2582858601592126
ON,ON,0.47008229518855493,0.01118986876801664,0.2482238371392785
PE,PE,,,
QC,QC,,,
SK,SK,,,
YT,YT,,,
