,Province,GDP Error,LDP Error,SDP Error
AB,AB,0.5578491261363012,57793.022,0
BC,BC,0.18875730492112544,68229.25200000001,0
MB,MB,0.17049288401937013,16459.252,0
NB,NB,0.14221216208372167,10728.478,0
NL,NL,,,0
NT,NT,,,0
NS,NS,0.2968649838275496,13837.994,0
NU,NU,,,0
ON,ON,0.27817876171393435,183777.94000000012,0
PE,PE,,,0
QC,QC,0.11064448328097565,109495.99999999997,0
SK,SK,0.17095399590804583,14743.5,0
YT,YT,,,0
