,Province,GDP Error,LDP Error,SDP Error
AB,AB,,,
BC,BC,0.4498024936429374,28668.568000000007,698302.0700000002
MB,MB,,,
NB,NB,,,
NL,NL,,,
NT,NT,,,
NS,NS,0.20834980671121736,6268.49,131763.7099999998
NU,NU,,,
ON,ON,0.2742249681158683,93426.53399999997,2030797.2499999958
PE,PE,,,
QC,QC,0.357591043947204,58527.686,1197198.8899999987
SK,SK,,,
YT,YT,,,
