,Province,GDP Error,LDP Error,SDP Error
AB,AB,,,
BC,BC,0.37014291102085906,0.01217148158599544,0.2426353970295348
MB,MB,,,
NB,NB,0.15274318791563218,0.01121642496240002,0.2472267494755264
NL,NL,,,
NT,NT,,,
NS,NS,0.26965381299682156,0.012241341350071381,0.24231751676549437
NU,NU,,,
ON,ON,0.5138400284707785,0.0120994042597942,0.24838700144911527
PE,PE,,,
QC,QC,,,
SK,SK,,,
YT,YT,,,
