,Province,GDP Error,LDP Error,SDP Error
AB,AB,0.2678036675474852,0.01221555191594394,0
BC,BC,,,0
MB,MB,0.1312884931501778,0.009672865572842259,0
NB,NB,0.5129926746225267,0.01172804135087084,0
NL,NL,,,0
NT,NT,,,0
NS,NS,0.3776474975662704,0.01170288780649284,0
NU,NU,,,0
ON,ON,0.13288134888053532,0.01221520886901668,0
PE,PE,,,0
QC,QC,0.4648593239874591,0.010952569999678299,0
SK,SK,0.07962033224077422,0.01140373634187242,0
YT,YT,,,0
