,Province,GDP Error,LDP Error,SDP Error
AB,AB,0.39516532003526833,0.01609743820508534,0
BC,BC,0.5129491231524018,0.01647524271603068,0
MB,MB,0.562734069683575,0.01551538985937218,0
NB,NB,0.8057606806121417,0.01654967487230488,0
NL,NL,,,0
NT,NT,,,0
NS,NS,0.10369695822106748,0.01683913892652178,0
NU,NU,,,0
ON,ON,0.32958529699246897,0.0150204126246608,0
PE,PE,,,0
QC,QC,0.31332889215269955,0.01526467937184764,0
SK,SK,0.3129507166971657,0.0160696676415391,0
YT,YT,,,0
