,Province,GDP Error,LDP Error,SDP Error
AB,AB,,,
BC,BC,0.38335137426893195,49233.40800000001,1034535.0799999998
MB,MB,0.5293936231784983,14519.753999999997,249018.8599999998
NB,NB,,,
NL,NL,0.09498983584447554,5027.1720000000005,117051.80999999991
NT,NT,,,
NS,NS,,,
NU,NU,0.13271037461968543,277.39399999999995,7365.760000000004
ON,ON,0.2565471408846406,136910.42200000008,3037071.389999988
PE,PE,,,
QC,QC,,,
SK,SK,,,
YT,YT,,,
