,Province,GDP Error,LDP Error,SDP Error
AB,AB,,,
BC,BC,0.528080549226911,50406.00000000001,1004830.8199999991
MB,MB,,,
NB,NB,0.332219104879141,7271.15,160267.00000000023
NL,NL,,,
NT,NT,,,
NS,NS,0.5271548399411017,10059.635999999999,199130.62999999977
NU,NU,,,
ON,ON,0.4360691946021575,148038.78199999995,3039067.7399999937
PE,PE,,,
QC,QC,,,
SK,SK,,,
YT,YT,,,
