,Province,GDP Error,LDP Error,SDP Error
AB,AB,,,
BC,BC,0.2593282854012261,0.006922567700449479,0.1686182356558253
MB,MB,,,
NB,NB,,,
NL,NL,,,
NT,NT,,,
NS,NS,0.2811831919020139,0.00762798234841784,0.1603402500509777
NU,NU,,,
ON,ON,0.39279776224335855,0.00763587343928164,0.1659797288620521
PE,PE,,,
QC,QC,0.3420346870622045,0.008159260257600021,0.166899769856268
SK,SK,,,
YT,YT,,,
