,Province,GDP Error,LDP Error,SDP Error
AB,AB,0.5917938543114587,43856.274000000005,0
BC,BC,,,0
MB,MB,0.23682798446775447,10261.303999999996,0
NB,NB,0.34396142179813866,7602.81,0
NL,NL,,,0
NT,NT,,,0
NS,NS,0.21050740564764392,9617.147999999997,0
NU,NU,,,0
ON,ON,0.2025049475179912,149455.67599999995,0
PE,PE,,,0
QC,QC,0.45301896892970034,78564.54599999999,0
SK,SK,0.31789163648996066,10462.63,0
YT,YT,,,0
